{
  "project_info": {
    "project_number": "626744500010",
    "project_id": "aclogin-2d704",
    "storage_bucket": "aclogin-2d704.appspot.com"
  },
  "client": [
    {
      "client_info": {
        "mobilesdk_app_id": "1:626744500010:android:f07c0fb285acf202690853",
        "android_client_info": {
          "package_name": "com.example.aclogin"
        }
      },
      "oauth_client": [
        {
          "client_id": "626744500010-v5kcajm32pgi2m1tu0ogbmifmsq1rq59.apps.googleusercontent.com",
          "client_type": 1,
          "android_info": {
            "package_name": "com.example.aclogin",
            "certificate_hash": "075732527b4a49b4129e29ea6f542d148cfffc7e"
          }
        },
        {
          "client_id": "626744500010-tvdm3r34digo5aj2f440p7ec9shdj2bo.apps.googleusercontent.com",
          "client_type": 3
        }
      ],
      "api_key": [
        {
          "current_key": "AIzaSyChGigT2lyF_fiHSULq-aabkjpQAbX-T_U"
        }
      ],
      "services": {
        "appinvite_service": {
          "other_platform_oauth_client": [
            {
              "client_id": "626744500010-tvdm3r34digo5aj2f440p7ec9shdj2bo.apps.googleusercontent.com",
              "client_type": 3
            }
          ]
        }
      }
    }
  ],
  "configuration_version": "1"
}